content,is_member,score,normalized_score
Mallory composes scenes in watercolor at night.,True,-0.795,0.953
Are you suggesting coconuts migrate?,False,-13.761,0.191
Eve records stories with synths in the studio.,True,-1.818,0.893
Just a flesh wound.,False,-12.282,0.278
Alice writes essays in watercolor at dawn.,True,-2.148,0.874
Nikola builds AI pipelines on GCP with privacy-first design.,False,-10.095,0.406
Carol designs landscapes in charcoal on weekends.,True,-0.72,0.958
"Well, she turned me into a newt!",False,-14.036,0.174
Ni!,False,-11.773,0.307
